group,feature,selected
raw,observed_soh_pct,True
raw,current_abs_mean_a,True
raw,p95_abs_current_a,False
raw,current_span_a,False
raw,avg_cell_temp_mean_c,False
raw,avg_cell_temp_min_c,False
raw,avg_cell_temp_max_c,False
raw,avg_cell_temp_span_c,False
raw,soc_mean_pct,False
raw,soc_min_pct,False
raw,soc_max_pct,False
raw,soc_span_pct,False
raw,event_duration_s,False
raw,n_rows,True
raw,measurement_sigma_pct,False
raw,condition_multiplier,False
raw,delta_days,False
raw,flight_event_flag,False
raw,charge_event_flag,False
raw,cumulative_event_count,True
raw,cumulative_flight_count,False
operating,current_abs_mean_a,True
operating,p95_abs_current_a,False
operating,current_span_a,False
operating,p95_abs_dcurrent_a_per_s,False
operating,avg_cell_temp_mean_c,False
operating,avg_cell_temp_min_c,False
operating,avg_cell_temp_max_c,False
operating,avg_cell_temp_span_c,False
operating,p95_abs_dtemp_c_per_min,False
operating,soc_mean_pct,False
operating,soc_min_pct,False
operating,soc_max_pct,False
operating,soc_span_pct,False
operating,voltage_mean_v,False
operating,voltage_max_v,False
operating,event_duration_s,False
operating,n_rows,True
operating,delta_days,False
operating,measurement_sigma_pct,False
operating,condition_multiplier,False
operating,observed_soh_iqr_pct,True
operating,observed_soh_span_pct,False
operating,kalman_coulomb_gap_mean_pct,False
operating,kalman_coulomb_gap_span_pct,True
operating,cap_est_delta_raw,False
operating,cap_est_span_raw,True
operating,score_current,True
operating,score_didt,False
operating,score_dtemp,False
operating,score_soc_edge,False
operating,score_observation_instability,False
operating,score_gap,False
operating,score_switch,False
operating,score_event_type,False
latent,latent_soh_filter_pct,False
latent,latent_soh_filterpy_filter_pct,True
latent,_filterpy_pred_state_pct,False
latent,_filterpy_pred_var_pct2,True
latent,latent_soh_smooth_std_pct,True
latent,measurement_sigma_pct,False
latent,condition_multiplier,False
physics,arrhenius_temp_proxy,False
physics,time_above_40c_proxy_min,False
physics,thermal_severity_proxy,True
physics,current_rms_proxy_a,True
physics,throughput_stress_proxy,False
physics,voltage_sag_proxy_v,False
physics,internal_resistance_proxy_ohm,False
physics,soc_edge_stress_proxy,False
physics,storage_stress_proxy,False
physics,coulomb_gap_abs_pct,False
physics,estimation_reset_risk,False
physics,degradation_stress_proxy,False
physics,instant_stress_index,False
physics,current_temp_stress_index,False
physics,soc_stress_index,False
physics,duration_stress_index,False
static_numeric,battery_id,False
static_numeric,flight_event_flag,False
static_numeric,charge_event_flag,False
static_numeric,flag_new_est_batt_cap_any,False
static_numeric,flag_rst_coulomb_any,True
static_categorical,plane_id,False
static_categorical,battery_id_str,False
static_categorical,event_type,False
history,prev_observed_soh_pct,False
history,prev2_observed_soh_pct,False
history,prev_latent_filter_pct,False
history,prev2_latent_filter_pct,False
history,prev_delta_days,False
history,time_since_prev_event_days,False
history,observed_soh_delta_1,True
history,observed_soh_delta_2,False
history,latent_filter_delta_1,True
history,latent_filter_delta_2,True
history,observed_soh_slope_pct_per_day_1,False
history,rolling_observed_soh_mean_3,False
history,rolling_observed_soh_std_3,False
history,rolling_observed_delta_mean_5,False
history,rolling_observed_delta_std_5,False
history,rolling_latent_filter_mean_3,False
history,rolling_latent_filter_delta_mean_5,False
history,rolling_latent_filter_delta_std_5,False
history,rolling_current_abs_mean_5,False
history,rolling_current_abs_max_5,False
history,rolling_temp_mean_5,False
history,rolling_temp_span_mean_5,False
history,rolling_soc_mean_5,False
history,rolling_soc_span_mean_5,False
history,rolling_duration_mean_5,False
history,rolling_sigma_mean_5,False
history,rolling_condition_mean_5,False
history,rolling_gap_days_mean_5,False
history,rolling_flight_frac_5,False
history,current_temp_stress_index,False
history,soc_stress_index,False
history,duration_stress_index,False
history,instant_stress_index,False
history,rolling_stress_index_mean_5,False
history,rolling_stress_index_max_5,False
multiscale_history,observed_soh_pct_lag1,False
multiscale_history,observed_soh_pct_lag2,False
multiscale_history,observed_soh_pct_lag3,False
multiscale_history,observed_soh_pct_lag5,False
multiscale_history,observed_soh_pct_lag8,False
multiscale_history,observed_soh_pct_lag13,False
multiscale_history,observed_soh_pct_diff1,False
multiscale_history,observed_soh_pct_pct_change1,False
multiscale_history,observed_soh_pct_rate_per_day1,False
multiscale_history,observed_soh_pct_diff3,False
multiscale_history,observed_soh_pct_pct_change3,False
multiscale_history,observed_soh_pct_rate_per_day3,False
multiscale_history,observed_soh_pct_diff5,False
multiscale_history,observed_soh_pct_pct_change5,False
multiscale_history,observed_soh_pct_rate_per_day5,False
multiscale_history,observed_soh_pct_rollmean_2,False
multiscale_history,observed_soh_pct_rollstd_2,False
multiscale_history,observed_soh_pct_rollmin_2,False
multiscale_history,observed_soh_pct_rollmax_2,False
multiscale_history,observed_soh_pct_rollslope_2,False
multiscale_history,observed_soh_pct_rollmean_3,False
multiscale_history,observed_soh_pct_rollstd_3,False
multiscale_history,observed_soh_pct_rollmin_3,False
multiscale_history,observed_soh_pct_rollmax_3,False
multiscale_history,observed_soh_pct_rollslope_3,False
multiscale_history,observed_soh_pct_rollmean_5,False
multiscale_history,observed_soh_pct_rollstd_5,False
multiscale_history,observed_soh_pct_rollmin_5,True
multiscale_history,observed_soh_pct_rollmax_5,False
multiscale_history,observed_soh_pct_rollslope_5,False
multiscale_history,observed_soh_pct_rollmean_8,False
multiscale_history,observed_soh_pct_rollstd_8,False
multiscale_history,observed_soh_pct_rollmin_8,False
multiscale_history,observed_soh_pct_rollmax_8,False
multiscale_history,observed_soh_pct_rollslope_8,False
multiscale_history,observed_soh_pct_rollmean_13,False
multiscale_history,observed_soh_pct_rollstd_13,False
multiscale_history,observed_soh_pct_rollmin_13,False
multiscale_history,observed_soh_pct_rollmax_13,True
multiscale_history,observed_soh_pct_rollslope_13,False
multiscale_history,observed_soh_pct_rollmean_21,False
multiscale_history,observed_soh_pct_rollstd_21,False
multiscale_history,observed_soh_pct_rollmin_21,False
multiscale_history,observed_soh_pct_rollmax_21,False
multiscale_history,observed_soh_pct_rollslope_21,False
multiscale_history,observed_soh_pct_ewmmean_3,False
multiscale_history,observed_soh_pct_ewmstd_3,False
multiscale_history,observed_soh_pct_ewmmean_5,False
multiscale_history,observed_soh_pct_ewmstd_5,False
multiscale_history,observed_soh_pct_ewmmean_8,False
multiscale_history,observed_soh_pct_ewmstd_8,False
multiscale_history,observed_soh_pct_ewmmean_13,False
multiscale_history,observed_soh_pct_ewmstd_13,False
multiscale_history,latent_soh_filter_pct_lag1,False
multiscale_history,latent_soh_filter_pct_lag2,False
multiscale_history,latent_soh_filter_pct_lag3,False
multiscale_history,latent_soh_filter_pct_lag5,False
multiscale_history,latent_soh_filter_pct_lag8,False
multiscale_history,latent_soh_filter_pct_lag13,False
multiscale_history,latent_soh_filter_pct_diff1,False
multiscale_history,latent_soh_filter_pct_pct_change1,False
multiscale_history,latent_soh_filter_pct_rate_per_day1,False
multiscale_history,latent_soh_filter_pct_diff3,False
multiscale_history,latent_soh_filter_pct_pct_change3,False
multiscale_history,latent_soh_filter_pct_rate_per_day3,False
multiscale_history,latent_soh_filter_pct_diff5,False
multiscale_history,latent_soh_filter_pct_pct_change5,False
multiscale_history,latent_soh_filter_pct_rate_per_day5,False
multiscale_history,latent_soh_filter_pct_rollmean_2,False
multiscale_history,latent_soh_filter_pct_rollstd_2,False
multiscale_history,latent_soh_filter_pct_rollmin_2,False
multiscale_history,latent_soh_filter_pct_rollmax_2,False
multiscale_history,latent_soh_filter_pct_rollslope_2,False
multiscale_history,latent_soh_filter_pct_rollmean_3,False
multiscale_history,latent_soh_filter_pct_rollstd_3,False
multiscale_history,latent_soh_filter_pct_rollmin_3,False
multiscale_history,latent_soh_filter_pct_rollmax_3,False
multiscale_history,latent_soh_filter_pct_rollslope_3,False
multiscale_history,latent_soh_filter_pct_rollmean_5,False
multiscale_history,latent_soh_filter_pct_rollstd_5,False
multiscale_history,latent_soh_filter_pct_rollmin_5,False
multiscale_history,latent_soh_filter_pct_rollmax_5,False
multiscale_history,latent_soh_filter_pct_rollslope_5,False
multiscale_history,latent_soh_filter_pct_rollmean_8,False
multiscale_history,latent_soh_filter_pct_rollstd_8,False
multiscale_history,latent_soh_filter_pct_rollmin_8,False
multiscale_history,latent_soh_filter_pct_rollmax_8,False
multiscale_history,latent_soh_filter_pct_rollslope_8,False
multiscale_history,latent_soh_filter_pct_rollmean_13,False
multiscale_history,latent_soh_filter_pct_rollstd_13,False
multiscale_history,latent_soh_filter_pct_rollmin_13,False
multiscale_history,latent_soh_filter_pct_rollmax_13,False
multiscale_history,latent_soh_filter_pct_rollslope_13,False
multiscale_history,latent_soh_filter_pct_rollmean_21,False
multiscale_history,latent_soh_filter_pct_rollstd_21,False
multiscale_history,latent_soh_filter_pct_rollmin_21,False
multiscale_history,latent_soh_filter_pct_rollmax_21,False
multiscale_history,latent_soh_filter_pct_rollslope_21,False
multiscale_history,latent_soh_filter_pct_ewmmean_3,False
multiscale_history,latent_soh_filter_pct_ewmstd_3,False
multiscale_history,latent_soh_filter_pct_ewmmean_5,False
multiscale_history,latent_soh_filter_pct_ewmstd_5,False
multiscale_history,latent_soh_filter_pct_ewmmean_8,False
multiscale_history,latent_soh_filter_pct_ewmstd_8,False
multiscale_history,latent_soh_filter_pct_ewmmean_13,False
multiscale_history,latent_soh_filter_pct_ewmstd_13,False
multiscale_history,measurement_sigma_pct_lag1,False
multiscale_history,measurement_sigma_pct_lag2,False
multiscale_history,measurement_sigma_pct_lag3,False
multiscale_history,measurement_sigma_pct_lag5,False
multiscale_history,measurement_sigma_pct_lag8,False
multiscale_history,measurement_sigma_pct_lag13,False
multiscale_history,measurement_sigma_pct_diff1,False
multiscale_history,measurement_sigma_pct_pct_change1,False
multiscale_history,measurement_sigma_pct_rate_per_day1,False
multiscale_history,measurement_sigma_pct_diff3,False
multiscale_history,measurement_sigma_pct_pct_change3,False
multiscale_history,measurement_sigma_pct_rate_per_day3,False
multiscale_history,measurement_sigma_pct_diff5,False
multiscale_history,measurement_sigma_pct_pct_change5,False
multiscale_history,measurement_sigma_pct_rate_per_day5,False
multiscale_history,measurement_sigma_pct_rollmean_2,False
multiscale_history,measurement_sigma_pct_rollstd_2,False
multiscale_history,measurement_sigma_pct_rollmin_2,False
multiscale_history,measurement_sigma_pct_rollmax_2,False
multiscale_history,measurement_sigma_pct_rollslope_2,False
multiscale_history,measurement_sigma_pct_rollmean_3,False
multiscale_history,measurement_sigma_pct_rollstd_3,False
multiscale_history,measurement_sigma_pct_rollmin_3,False
multiscale_history,measurement_sigma_pct_rollmax_3,False
multiscale_history,measurement_sigma_pct_rollslope_3,False
multiscale_history,measurement_sigma_pct_rollmean_5,False
multiscale_history,measurement_sigma_pct_rollstd_5,False
multiscale_history,measurement_sigma_pct_rollmin_5,False
multiscale_history,measurement_sigma_pct_rollmax_5,False
multiscale_history,measurement_sigma_pct_rollslope_5,False
multiscale_history,measurement_sigma_pct_rollmean_8,False
multiscale_history,measurement_sigma_pct_rollstd_8,False
multiscale_history,measurement_sigma_pct_rollmin_8,False
multiscale_history,measurement_sigma_pct_rollmax_8,False
multiscale_history,measurement_sigma_pct_rollslope_8,False
multiscale_history,measurement_sigma_pct_rollmean_13,False
multiscale_history,measurement_sigma_pct_rollstd_13,False
multiscale_history,measurement_sigma_pct_rollmin_13,False
multiscale_history,measurement_sigma_pct_rollmax_13,False
multiscale_history,measurement_sigma_pct_rollslope_13,False
multiscale_history,measurement_sigma_pct_rollmean_21,False
multiscale_history,measurement_sigma_pct_rollstd_21,False
multiscale_history,measurement_sigma_pct_rollmin_21,False
multiscale_history,measurement_sigma_pct_rollmax_21,False
multiscale_history,measurement_sigma_pct_rollslope_21,False
multiscale_history,measurement_sigma_pct_ewmmean_3,False
multiscale_history,measurement_sigma_pct_ewmstd_3,False
multiscale_history,measurement_sigma_pct_ewmmean_5,False
multiscale_history,measurement_sigma_pct_ewmstd_5,False
multiscale_history,measurement_sigma_pct_ewmmean_8,False
multiscale_history,measurement_sigma_pct_ewmstd_8,False
multiscale_history,measurement_sigma_pct_ewmmean_13,False
multiscale_history,measurement_sigma_pct_ewmstd_13,False
multiscale_history,condition_multiplier_lag1,False
multiscale_history,condition_multiplier_lag2,False
multiscale_history,condition_multiplier_lag3,False
multiscale_history,condition_multiplier_lag5,False
multiscale_history,condition_multiplier_lag8,False
multiscale_history,condition_multiplier_lag13,False
multiscale_history,condition_multiplier_diff1,False
multiscale_history,condition_multiplier_pct_change1,False
multiscale_history,condition_multiplier_rate_per_day1,False
multiscale_history,condition_multiplier_diff3,False
multiscale_history,condition_multiplier_pct_change3,False
multiscale_history,condition_multiplier_rate_per_day3,False
multiscale_history,condition_multiplier_diff5,False
multiscale_history,condition_multiplier_pct_change5,False
multiscale_history,condition_multiplier_rate_per_day5,False
multiscale_history,condition_multiplier_rollmean_2,False
multiscale_history,condition_multiplier_rollstd_2,False
multiscale_history,condition_multiplier_rollmin_2,False
multiscale_history,condition_multiplier_rollmax_2,False
multiscale_history,condition_multiplier_rollslope_2,False
multiscale_history,condition_multiplier_rollmean_3,False
multiscale_history,condition_multiplier_rollstd_3,False
multiscale_history,condition_multiplier_rollmin_3,False
multiscale_history,condition_multiplier_rollmax_3,False
multiscale_history,condition_multiplier_rollslope_3,False
multiscale_history,condition_multiplier_rollmean_5,False
multiscale_history,condition_multiplier_rollstd_5,False
multiscale_history,condition_multiplier_rollmin_5,False
multiscale_history,condition_multiplier_rollmax_5,False
multiscale_history,condition_multiplier_rollslope_5,False
multiscale_history,condition_multiplier_rollmean_8,False
multiscale_history,condition_multiplier_rollstd_8,False
multiscale_history,condition_multiplier_rollmin_8,False
multiscale_history,condition_multiplier_rollmax_8,False
multiscale_history,condition_multiplier_rollslope_8,False
multiscale_history,condition_multiplier_rollmean_13,False
multiscale_history,condition_multiplier_rollstd_13,False
multiscale_history,condition_multiplier_rollmin_13,False
multiscale_history,condition_multiplier_rollmax_13,False
multiscale_history,condition_multiplier_rollslope_13,False
multiscale_history,condition_multiplier_rollmean_21,False
multiscale_history,condition_multiplier_rollstd_21,False
multiscale_history,condition_multiplier_rollmin_21,False
multiscale_history,condition_multiplier_rollmax_21,False
multiscale_history,condition_multiplier_rollslope_21,False
multiscale_history,condition_multiplier_ewmmean_3,False
multiscale_history,condition_multiplier_ewmstd_3,False
multiscale_history,condition_multiplier_ewmmean_5,False
multiscale_history,condition_multiplier_ewmstd_5,False
multiscale_history,condition_multiplier_ewmmean_8,False
multiscale_history,condition_multiplier_ewmstd_8,False
multiscale_history,condition_multiplier_ewmmean_13,False
multiscale_history,condition_multiplier_ewmstd_13,False
multiscale_history,current_abs_mean_a_lag1,False
multiscale_history,current_abs_mean_a_lag2,False
multiscale_history,current_abs_mean_a_lag3,False
multiscale_history,current_abs_mean_a_lag5,False
multiscale_history,current_abs_mean_a_lag8,False
multiscale_history,current_abs_mean_a_lag13,False
multiscale_history,current_abs_mean_a_diff1,False
multiscale_history,current_abs_mean_a_pct_change1,False
multiscale_history,current_abs_mean_a_rate_per_day1,False
multiscale_history,current_abs_mean_a_diff3,False
multiscale_history,current_abs_mean_a_pct_change3,False
multiscale_history,current_abs_mean_a_rate_per_day3,False
multiscale_history,current_abs_mean_a_diff5,False
multiscale_history,current_abs_mean_a_pct_change5,False
multiscale_history,current_abs_mean_a_rate_per_day5,False
multiscale_history,current_abs_mean_a_rollmean_2,False
multiscale_history,current_abs_mean_a_rollstd_2,False
multiscale_history,current_abs_mean_a_rollmin_2,False
multiscale_history,current_abs_mean_a_rollmax_2,False
multiscale_history,current_abs_mean_a_rollslope_2,False
multiscale_history,current_abs_mean_a_rollmean_3,False
multiscale_history,current_abs_mean_a_rollstd_3,False
multiscale_history,current_abs_mean_a_rollmin_3,False
multiscale_history,current_abs_mean_a_rollmax_3,False
multiscale_history,current_abs_mean_a_rollslope_3,False
multiscale_history,current_abs_mean_a_rollmean_5,False
multiscale_history,current_abs_mean_a_rollstd_5,False
multiscale_history,current_abs_mean_a_rollmin_5,False
multiscale_history,current_abs_mean_a_rollmax_5,False
multiscale_history,current_abs_mean_a_rollslope_5,False
multiscale_history,current_abs_mean_a_rollmean_8,False
multiscale_history,current_abs_mean_a_rollstd_8,False
multiscale_history,current_abs_mean_a_rollmin_8,False
multiscale_history,current_abs_mean_a_rollmax_8,False
multiscale_history,current_abs_mean_a_rollslope_8,False
multiscale_history,current_abs_mean_a_rollmean_13,False
multiscale_history,current_abs_mean_a_rollstd_13,False
multiscale_history,current_abs_mean_a_rollmin_13,False
multiscale_history,current_abs_mean_a_rollmax_13,False
multiscale_history,current_abs_mean_a_rollslope_13,False
multiscale_history,current_abs_mean_a_rollmean_21,False
multiscale_history,current_abs_mean_a_rollstd_21,False
multiscale_history,current_abs_mean_a_rollmin_21,False
multiscale_history,current_abs_mean_a_rollmax_21,False
multiscale_history,current_abs_mean_a_rollslope_21,False
multiscale_history,current_abs_mean_a_ewmmean_3,False
multiscale_history,current_abs_mean_a_ewmstd_3,False
multiscale_history,current_abs_mean_a_ewmmean_5,False
multiscale_history,current_abs_mean_a_ewmstd_5,False
multiscale_history,current_abs_mean_a_ewmmean_8,False
multiscale_history,current_abs_mean_a_ewmstd_8,False
multiscale_history,current_abs_mean_a_ewmmean_13,False
multiscale_history,current_abs_mean_a_ewmstd_13,False
multiscale_history,p95_abs_current_a_lag1,False
multiscale_history,p95_abs_current_a_lag2,False
multiscale_history,p95_abs_current_a_lag3,False
multiscale_history,p95_abs_current_a_lag5,False
multiscale_history,p95_abs_current_a_lag8,False
multiscale_history,p95_abs_current_a_lag13,False
multiscale_history,p95_abs_current_a_diff1,False
multiscale_history,p95_abs_current_a_pct_change1,False
multiscale_history,p95_abs_current_a_rate_per_day1,False
multiscale_history,p95_abs_current_a_diff3,False
multiscale_history,p95_abs_current_a_pct_change3,False
multiscale_history,p95_abs_current_a_rate_per_day3,False
multiscale_history,p95_abs_current_a_diff5,False
multiscale_history,p95_abs_current_a_pct_change5,False
multiscale_history,p95_abs_current_a_rate_per_day5,False
multiscale_history,p95_abs_current_a_rollmean_2,False
multiscale_history,p95_abs_current_a_rollstd_2,False
multiscale_history,p95_abs_current_a_rollmin_2,False
multiscale_history,p95_abs_current_a_rollmax_2,False
multiscale_history,p95_abs_current_a_rollslope_2,False
multiscale_history,p95_abs_current_a_rollmean_3,False
multiscale_history,p95_abs_current_a_rollstd_3,False
multiscale_history,p95_abs_current_a_rollmin_3,False
multiscale_history,p95_abs_current_a_rollmax_3,False
multiscale_history,p95_abs_current_a_rollslope_3,False
multiscale_history,p95_abs_current_a_rollmean_5,False
multiscale_history,p95_abs_current_a_rollstd_5,False
multiscale_history,p95_abs_current_a_rollmin_5,False
multiscale_history,p95_abs_current_a_rollmax_5,False
multiscale_history,p95_abs_current_a_rollslope_5,False
multiscale_history,p95_abs_current_a_rollmean_8,False
multiscale_history,p95_abs_current_a_rollstd_8,False
multiscale_history,p95_abs_current_a_rollmin_8,False
multiscale_history,p95_abs_current_a_rollmax_8,False
multiscale_history,p95_abs_current_a_rollslope_8,False
multiscale_history,p95_abs_current_a_rollmean_13,False
multiscale_history,p95_abs_current_a_rollstd_13,False
multiscale_history,p95_abs_current_a_rollmin_13,False
multiscale_history,p95_abs_current_a_rollmax_13,False
multiscale_history,p95_abs_current_a_rollslope_13,False
multiscale_history,p95_abs_current_a_rollmean_21,False
multiscale_history,p95_abs_current_a_rollstd_21,False
multiscale_history,p95_abs_current_a_rollmin_21,False
multiscale_history,p95_abs_current_a_rollmax_21,False
multiscale_history,p95_abs_current_a_rollslope_21,False
multiscale_history,p95_abs_current_a_ewmmean_3,False
multiscale_history,p95_abs_current_a_ewmstd_3,False
multiscale_history,p95_abs_current_a_ewmmean_5,False
multiscale_history,p95_abs_current_a_ewmstd_5,False
multiscale_history,p95_abs_current_a_ewmmean_8,False
multiscale_history,p95_abs_current_a_ewmstd_8,False
multiscale_history,p95_abs_current_a_ewmmean_13,False
multiscale_history,p95_abs_current_a_ewmstd_13,False
multiscale_history,avg_cell_temp_mean_c_lag1,False
multiscale_history,avg_cell_temp_mean_c_lag2,False
multiscale_history,avg_cell_temp_mean_c_lag3,False
multiscale_history,avg_cell_temp_mean_c_lag5,False
multiscale_history,avg_cell_temp_mean_c_lag8,False
multiscale_history,avg_cell_temp_mean_c_lag13,False
multiscale_history,avg_cell_temp_mean_c_diff1,False
multiscale_history,avg_cell_temp_mean_c_pct_change1,False
multiscale_history,avg_cell_temp_mean_c_rate_per_day1,False
multiscale_history,avg_cell_temp_mean_c_diff3,False
multiscale_history,avg_cell_temp_mean_c_pct_change3,False
multiscale_history,avg_cell_temp_mean_c_rate_per_day3,False
multiscale_history,avg_cell_temp_mean_c_diff5,False
multiscale_history,avg_cell_temp_mean_c_pct_change5,False
multiscale_history,avg_cell_temp_mean_c_rate_per_day5,False
multiscale_history,avg_cell_temp_mean_c_rollmean_2,False
multiscale_history,avg_cell_temp_mean_c_rollstd_2,False
multiscale_history,avg_cell_temp_mean_c_rollmin_2,False
multiscale_history,avg_cell_temp_mean_c_rollmax_2,False
multiscale_history,avg_cell_temp_mean_c_rollslope_2,False
multiscale_history,avg_cell_temp_mean_c_rollmean_3,False
multiscale_history,avg_cell_temp_mean_c_rollstd_3,False
multiscale_history,avg_cell_temp_mean_c_rollmin_3,False
multiscale_history,avg_cell_temp_mean_c_rollmax_3,False
multiscale_history,avg_cell_temp_mean_c_rollslope_3,False
multiscale_history,avg_cell_temp_mean_c_rollmean_5,False
multiscale_history,avg_cell_temp_mean_c_rollstd_5,False
multiscale_history,avg_cell_temp_mean_c_rollmin_5,False
multiscale_history,avg_cell_temp_mean_c_rollmax_5,False
multiscale_history,avg_cell_temp_mean_c_rollslope_5,False
multiscale_history,avg_cell_temp_mean_c_rollmean_8,False
multiscale_history,avg_cell_temp_mean_c_rollstd_8,False
multiscale_history,avg_cell_temp_mean_c_rollmin_8,False
multiscale_history,avg_cell_temp_mean_c_rollmax_8,False
multiscale_history,avg_cell_temp_mean_c_rollslope_8,False
multiscale_history,avg_cell_temp_mean_c_rollmean_13,False
multiscale_history,avg_cell_temp_mean_c_rollstd_13,False
multiscale_history,avg_cell_temp_mean_c_rollmin_13,False
multiscale_history,avg_cell_temp_mean_c_rollmax_13,False
multiscale_history,avg_cell_temp_mean_c_rollslope_13,False
multiscale_history,avg_cell_temp_mean_c_rollmean_21,False
multiscale_history,avg_cell_temp_mean_c_rollstd_21,False
multiscale_history,avg_cell_temp_mean_c_rollmin_21,False
multiscale_history,avg_cell_temp_mean_c_rollmax_21,False
multiscale_history,avg_cell_temp_mean_c_rollslope_21,False
multiscale_history,avg_cell_temp_mean_c_ewmmean_3,False
multiscale_history,avg_cell_temp_mean_c_ewmstd_3,False
multiscale_history,avg_cell_temp_mean_c_ewmmean_5,False
multiscale_history,avg_cell_temp_mean_c_ewmstd_5,False
multiscale_history,avg_cell_temp_mean_c_ewmmean_8,False
multiscale_history,avg_cell_temp_mean_c_ewmstd_8,False
multiscale_history,avg_cell_temp_mean_c_ewmmean_13,False
multiscale_history,avg_cell_temp_mean_c_ewmstd_13,False
multiscale_history,avg_cell_temp_span_c_lag1,False
multiscale_history,avg_cell_temp_span_c_lag2,False
multiscale_history,avg_cell_temp_span_c_lag3,False
multiscale_history,avg_cell_temp_span_c_lag5,False
multiscale_history,avg_cell_temp_span_c_lag8,False
multiscale_history,avg_cell_temp_span_c_lag13,False
multiscale_history,avg_cell_temp_span_c_diff1,False
multiscale_history,avg_cell_temp_span_c_pct_change1,False
multiscale_history,avg_cell_temp_span_c_rate_per_day1,False
multiscale_history,avg_cell_temp_span_c_diff3,False
multiscale_history,avg_cell_temp_span_c_pct_change3,False
multiscale_history,avg_cell_temp_span_c_rate_per_day3,False
multiscale_history,avg_cell_temp_span_c_diff5,False
multiscale_history,avg_cell_temp_span_c_pct_change5,False
multiscale_history,avg_cell_temp_span_c_rate_per_day5,False
multiscale_history,avg_cell_temp_span_c_rollmean_2,False
multiscale_history,avg_cell_temp_span_c_rollstd_2,False
multiscale_history,avg_cell_temp_span_c_rollmin_2,False
multiscale_history,avg_cell_temp_span_c_rollmax_2,False
multiscale_history,avg_cell_temp_span_c_rollslope_2,False
multiscale_history,avg_cell_temp_span_c_rollmean_3,False
multiscale_history,avg_cell_temp_span_c_rollstd_3,False
multiscale_history,avg_cell_temp_span_c_rollmin_3,False
multiscale_history,avg_cell_temp_span_c_rollmax_3,False
multiscale_history,avg_cell_temp_span_c_rollslope_3,False
multiscale_history,avg_cell_temp_span_c_rollmean_5,False
multiscale_history,avg_cell_temp_span_c_rollstd_5,False
multiscale_history,avg_cell_temp_span_c_rollmin_5,False
multiscale_history,avg_cell_temp_span_c_rollmax_5,False
multiscale_history,avg_cell_temp_span_c_rollslope_5,False
multiscale_history,avg_cell_temp_span_c_rollmean_8,False
multiscale_history,avg_cell_temp_span_c_rollstd_8,False
multiscale_history,avg_cell_temp_span_c_rollmin_8,False
multiscale_history,avg_cell_temp_span_c_rollmax_8,False
multiscale_history,avg_cell_temp_span_c_rollslope_8,False
multiscale_history,avg_cell_temp_span_c_rollmean_13,False
multiscale_history,avg_cell_temp_span_c_rollstd_13,False
multiscale_history,avg_cell_temp_span_c_rollmin_13,False
multiscale_history,avg_cell_temp_span_c_rollmax_13,False
multiscale_history,avg_cell_temp_span_c_rollslope_13,False
multiscale_history,avg_cell_temp_span_c_rollmean_21,False
multiscale_history,avg_cell_temp_span_c_rollstd_21,False
multiscale_history,avg_cell_temp_span_c_rollmin_21,False
multiscale_history,avg_cell_temp_span_c_rollmax_21,False
multiscale_history,avg_cell_temp_span_c_rollslope_21,False
multiscale_history,avg_cell_temp_span_c_ewmmean_3,False
multiscale_history,avg_cell_temp_span_c_ewmstd_3,False
multiscale_history,avg_cell_temp_span_c_ewmmean_5,False
multiscale_history,avg_cell_temp_span_c_ewmstd_5,False
multiscale_history,avg_cell_temp_span_c_ewmmean_8,False
multiscale_history,avg_cell_temp_span_c_ewmstd_8,False
multiscale_history,avg_cell_temp_span_c_ewmmean_13,False
multiscale_history,avg_cell_temp_span_c_ewmstd_13,False
multiscale_history,soc_mean_pct_lag1,False
multiscale_history,soc_mean_pct_lag2,False
multiscale_history,soc_mean_pct_lag3,False
multiscale_history,soc_mean_pct_lag5,False
multiscale_history,soc_mean_pct_lag8,False
multiscale_history,soc_mean_pct_lag13,False
multiscale_history,soc_mean_pct_diff1,False
multiscale_history,soc_mean_pct_pct_change1,False
multiscale_history,soc_mean_pct_rate_per_day1,False
multiscale_history,soc_mean_pct_diff3,False
multiscale_history,soc_mean_pct_pct_change3,False
multiscale_history,soc_mean_pct_rate_per_day3,False
multiscale_history,soc_mean_pct_diff5,False
multiscale_history,soc_mean_pct_pct_change5,False
multiscale_history,soc_mean_pct_rate_per_day5,False
multiscale_history,soc_mean_pct_rollmean_2,False
multiscale_history,soc_mean_pct_rollstd_2,False
multiscale_history,soc_mean_pct_rollmin_2,False
multiscale_history,soc_mean_pct_rollmax_2,False
multiscale_history,soc_mean_pct_rollslope_2,False
multiscale_history,soc_mean_pct_rollmean_3,False
multiscale_history,soc_mean_pct_rollstd_3,False
multiscale_history,soc_mean_pct_rollmin_3,False
multiscale_history,soc_mean_pct_rollmax_3,False
multiscale_history,soc_mean_pct_rollslope_3,False
multiscale_history,soc_mean_pct_rollmean_5,False
multiscale_history,soc_mean_pct_rollstd_5,False
multiscale_history,soc_mean_pct_rollmin_5,False
multiscale_history,soc_mean_pct_rollmax_5,False
multiscale_history,soc_mean_pct_rollslope_5,False
multiscale_history,soc_mean_pct_rollmean_8,False
multiscale_history,soc_mean_pct_rollstd_8,False
multiscale_history,soc_mean_pct_rollmin_8,False
multiscale_history,soc_mean_pct_rollmax_8,False
multiscale_history,soc_mean_pct_rollslope_8,False
multiscale_history,soc_mean_pct_rollmean_13,False
multiscale_history,soc_mean_pct_rollstd_13,False
multiscale_history,soc_mean_pct_rollmin_13,False
multiscale_history,soc_mean_pct_rollmax_13,False
multiscale_history,soc_mean_pct_rollslope_13,False
multiscale_history,soc_mean_pct_rollmean_21,False
multiscale_history,soc_mean_pct_rollstd_21,False
multiscale_history,soc_mean_pct_rollmin_21,False
multiscale_history,soc_mean_pct_rollmax_21,False
multiscale_history,soc_mean_pct_rollslope_21,False
multiscale_history,soc_mean_pct_ewmmean_3,False
multiscale_history,soc_mean_pct_ewmstd_3,False
multiscale_history,soc_mean_pct_ewmmean_5,False
multiscale_history,soc_mean_pct_ewmstd_5,False
multiscale_history,soc_mean_pct_ewmmean_8,False
multiscale_history,soc_mean_pct_ewmstd_8,False
multiscale_history,soc_mean_pct_ewmmean_13,False
multiscale_history,soc_mean_pct_ewmstd_13,False
multiscale_history,soc_span_pct_lag1,False
multiscale_history,soc_span_pct_lag2,False
multiscale_history,soc_span_pct_lag3,False
multiscale_history,soc_span_pct_lag5,False
multiscale_history,soc_span_pct_lag8,False
multiscale_history,soc_span_pct_lag13,False
multiscale_history,soc_span_pct_diff1,False
multiscale_history,soc_span_pct_pct_change1,False
multiscale_history,soc_span_pct_rate_per_day1,False
multiscale_history,soc_span_pct_diff3,False
multiscale_history,soc_span_pct_pct_change3,False
multiscale_history,soc_span_pct_rate_per_day3,False
multiscale_history,soc_span_pct_diff5,False
multiscale_history,soc_span_pct_pct_change5,False
multiscale_history,soc_span_pct_rate_per_day5,False
multiscale_history,soc_span_pct_rollmean_2,False
multiscale_history,soc_span_pct_rollstd_2,False
multiscale_history,soc_span_pct_rollmin_2,False
multiscale_history,soc_span_pct_rollmax_2,False
multiscale_history,soc_span_pct_rollslope_2,False
multiscale_history,soc_span_pct_rollmean_3,False
multiscale_history,soc_span_pct_rollstd_3,False
multiscale_history,soc_span_pct_rollmin_3,False
multiscale_history,soc_span_pct_rollmax_3,False
multiscale_history,soc_span_pct_rollslope_3,False
multiscale_history,soc_span_pct_rollmean_5,False
multiscale_history,soc_span_pct_rollstd_5,False
multiscale_history,soc_span_pct_rollmin_5,False
multiscale_history,soc_span_pct_rollmax_5,False
multiscale_history,soc_span_pct_rollslope_5,False
multiscale_history,soc_span_pct_rollmean_8,False
multiscale_history,soc_span_pct_rollstd_8,False
multiscale_history,soc_span_pct_rollmin_8,False
multiscale_history,soc_span_pct_rollmax_8,False
multiscale_history,soc_span_pct_rollslope_8,False
multiscale_history,soc_span_pct_rollmean_13,False
multiscale_history,soc_span_pct_rollstd_13,False
multiscale_history,soc_span_pct_rollmin_13,False
multiscale_history,soc_span_pct_rollmax_13,False
multiscale_history,soc_span_pct_rollslope_13,False
multiscale_history,soc_span_pct_rollmean_21,False
multiscale_history,soc_span_pct_rollstd_21,False
multiscale_history,soc_span_pct_rollmin_21,False
multiscale_history,soc_span_pct_rollmax_21,False
multiscale_history,soc_span_pct_rollslope_21,False
multiscale_history,soc_span_pct_ewmmean_3,False
multiscale_history,soc_span_pct_ewmstd_3,False
multiscale_history,soc_span_pct_ewmmean_5,False
multiscale_history,soc_span_pct_ewmstd_5,False
multiscale_history,soc_span_pct_ewmmean_8,False
multiscale_history,soc_span_pct_ewmstd_8,False
multiscale_history,soc_span_pct_ewmmean_13,False
multiscale_history,soc_span_pct_ewmstd_13,False
multiscale_history,event_duration_s_lag1,False
multiscale_history,event_duration_s_lag2,False
multiscale_history,event_duration_s_lag3,False
multiscale_history,event_duration_s_lag5,False
multiscale_history,event_duration_s_lag8,False
multiscale_history,event_duration_s_lag13,False
multiscale_history,event_duration_s_diff1,False
multiscale_history,event_duration_s_pct_change1,False
multiscale_history,event_duration_s_rate_per_day1,False
multiscale_history,event_duration_s_diff3,False
multiscale_history,event_duration_s_pct_change3,False
multiscale_history,event_duration_s_rate_per_day3,False
multiscale_history,event_duration_s_diff5,False
multiscale_history,event_duration_s_pct_change5,False
multiscale_history,event_duration_s_rate_per_day5,False
multiscale_history,event_duration_s_rollmean_2,False
multiscale_history,event_duration_s_rollstd_2,False
multiscale_history,event_duration_s_rollmin_2,False
multiscale_history,event_duration_s_rollmax_2,False
multiscale_history,event_duration_s_rollslope_2,False
multiscale_history,event_duration_s_rollmean_3,False
multiscale_history,event_duration_s_rollstd_3,False
multiscale_history,event_duration_s_rollmin_3,False
multiscale_history,event_duration_s_rollmax_3,False
multiscale_history,event_duration_s_rollslope_3,False
multiscale_history,event_duration_s_rollmean_5,False
multiscale_history,event_duration_s_rollstd_5,False
multiscale_history,event_duration_s_rollmin_5,False
multiscale_history,event_duration_s_rollmax_5,False
multiscale_history,event_duration_s_rollslope_5,False
multiscale_history,event_duration_s_rollmean_8,False
multiscale_history,event_duration_s_rollstd_8,False
multiscale_history,event_duration_s_rollmin_8,False
multiscale_history,event_duration_s_rollmax_8,False
multiscale_history,event_duration_s_rollslope_8,False
multiscale_history,event_duration_s_rollmean_13,False
multiscale_history,event_duration_s_rollstd_13,False
multiscale_history,event_duration_s_rollmin_13,False
multiscale_history,event_duration_s_rollmax_13,False
multiscale_history,event_duration_s_rollslope_13,False
multiscale_history,event_duration_s_rollmean_21,False
multiscale_history,event_duration_s_rollstd_21,False
multiscale_history,event_duration_s_rollmin_21,False
multiscale_history,event_duration_s_rollmax_21,False
multiscale_history,event_duration_s_rollslope_21,False
multiscale_history,event_duration_s_ewmmean_3,False
multiscale_history,event_duration_s_ewmstd_3,False
multiscale_history,event_duration_s_ewmmean_5,False
multiscale_history,event_duration_s_ewmstd_5,False
multiscale_history,event_duration_s_ewmmean_8,False
multiscale_history,event_duration_s_ewmstd_8,False
multiscale_history,event_duration_s_ewmmean_13,False
multiscale_history,event_duration_s_ewmstd_13,False
multiscale_history,delta_days_lag1,False
multiscale_history,delta_days_lag2,False
multiscale_history,delta_days_lag3,False
multiscale_history,delta_days_lag5,False
multiscale_history,delta_days_lag8,False
multiscale_history,delta_days_lag13,False
multiscale_history,delta_days_diff1,False
multiscale_history,delta_days_pct_change1,False
multiscale_history,delta_days_rate_per_day1,False
multiscale_history,delta_days_diff3,False
multiscale_history,delta_days_pct_change3,False
multiscale_history,delta_days_rate_per_day3,False
multiscale_history,delta_days_diff5,False
multiscale_history,delta_days_pct_change5,False
multiscale_history,delta_days_rate_per_day5,False
multiscale_history,delta_days_rollmean_2,False
multiscale_history,delta_days_rollstd_2,False
multiscale_history,delta_days_rollmin_2,False
multiscale_history,delta_days_rollmax_2,False
multiscale_history,delta_days_rollslope_2,False
multiscale_history,delta_days_rollmean_3,False
multiscale_history,delta_days_rollstd_3,False
multiscale_history,delta_days_rollmin_3,False
multiscale_history,delta_days_rollmax_3,False
multiscale_history,delta_days_rollslope_3,False
multiscale_history,delta_days_rollmean_5,False
multiscale_history,delta_days_rollstd_5,False
multiscale_history,delta_days_rollmin_5,False
multiscale_history,delta_days_rollmax_5,False
multiscale_history,delta_days_rollslope_5,False
multiscale_history,delta_days_rollmean_8,False
multiscale_history,delta_days_rollstd_8,False
multiscale_history,delta_days_rollmin_8,False
multiscale_history,delta_days_rollmax_8,False
multiscale_history,delta_days_rollslope_8,False
multiscale_history,delta_days_rollmean_13,False
multiscale_history,delta_days_rollstd_13,False
multiscale_history,delta_days_rollmin_13,False
multiscale_history,delta_days_rollmax_13,False
multiscale_history,delta_days_rollslope_13,False
multiscale_history,delta_days_rollmean_21,False
multiscale_history,delta_days_rollstd_21,False
multiscale_history,delta_days_rollmin_21,False
multiscale_history,delta_days_rollmax_21,False
multiscale_history,delta_days_rollslope_21,False
multiscale_history,delta_days_ewmmean_3,False
multiscale_history,delta_days_ewmstd_3,False
multiscale_history,delta_days_ewmmean_5,False
multiscale_history,delta_days_ewmstd_5,False
multiscale_history,delta_days_ewmmean_8,False
multiscale_history,delta_days_ewmstd_8,False
multiscale_history,delta_days_ewmmean_13,False
multiscale_history,delta_days_ewmstd_13,False
multiscale_history,cumulative_event_count_lag1,False
multiscale_history,cumulative_event_count_lag2,False
multiscale_history,cumulative_event_count_lag3,False
multiscale_history,cumulative_event_count_lag5,False
multiscale_history,cumulative_event_count_lag8,False
multiscale_history,cumulative_event_count_lag13,False
multiscale_history,cumulative_event_count_diff1,False
multiscale_history,cumulative_event_count_pct_change1,False
multiscale_history,cumulative_event_count_rate_per_day1,False
multiscale_history,cumulative_event_count_diff3,False
multiscale_history,cumulative_event_count_pct_change3,False
multiscale_history,cumulative_event_count_rate_per_day3,False
multiscale_history,cumulative_event_count_diff5,False
multiscale_history,cumulative_event_count_pct_change5,False
multiscale_history,cumulative_event_count_rate_per_day5,False
multiscale_history,cumulative_event_count_rollmean_2,False
multiscale_history,cumulative_event_count_rollstd_2,False
multiscale_history,cumulative_event_count_rollmin_2,False
multiscale_history,cumulative_event_count_rollmax_2,False
multiscale_history,cumulative_event_count_rollslope_2,False
multiscale_history,cumulative_event_count_rollmean_3,False
multiscale_history,cumulative_event_count_rollstd_3,False
multiscale_history,cumulative_event_count_rollmin_3,False
multiscale_history,cumulative_event_count_rollmax_3,False
multiscale_history,cumulative_event_count_rollslope_3,False
multiscale_history,cumulative_event_count_rollmean_5,False
multiscale_history,cumulative_event_count_rollstd_5,False
multiscale_history,cumulative_event_count_rollmin_5,False
multiscale_history,cumulative_event_count_rollmax_5,False
multiscale_history,cumulative_event_count_rollslope_5,False
multiscale_history,cumulative_event_count_rollmean_8,False
multiscale_history,cumulative_event_count_rollstd_8,False
multiscale_history,cumulative_event_count_rollmin_8,False
multiscale_history,cumulative_event_count_rollmax_8,False
multiscale_history,cumulative_event_count_rollslope_8,False
multiscale_history,cumulative_event_count_rollmean_13,False
multiscale_history,cumulative_event_count_rollstd_13,False
multiscale_history,cumulative_event_count_rollmin_13,False
multiscale_history,cumulative_event_count_rollmax_13,False
multiscale_history,cumulative_event_count_rollslope_13,False
multiscale_history,cumulative_event_count_rollmean_21,False
multiscale_history,cumulative_event_count_rollstd_21,False
multiscale_history,cumulative_event_count_rollmin_21,False
multiscale_history,cumulative_event_count_rollmax_21,False
multiscale_history,cumulative_event_count_rollslope_21,False
multiscale_history,cumulative_event_count_ewmmean_3,False
multiscale_history,cumulative_event_count_ewmstd_3,False
multiscale_history,cumulative_event_count_ewmmean_5,False
multiscale_history,cumulative_event_count_ewmstd_5,False
multiscale_history,cumulative_event_count_ewmmean_8,False
multiscale_history,cumulative_event_count_ewmstd_8,False
multiscale_history,cumulative_event_count_ewmmean_13,False
multiscale_history,cumulative_event_count_ewmstd_13,False
multiscale_history,cumulative_flight_count_lag1,False
multiscale_history,cumulative_flight_count_lag2,False
multiscale_history,cumulative_flight_count_lag3,False
multiscale_history,cumulative_flight_count_lag5,False
multiscale_history,cumulative_flight_count_lag8,False
multiscale_history,cumulative_flight_count_lag13,False
multiscale_history,cumulative_flight_count_diff1,False
multiscale_history,cumulative_flight_count_pct_change1,False
multiscale_history,cumulative_flight_count_rate_per_day1,False
multiscale_history,cumulative_flight_count_diff3,False
multiscale_history,cumulative_flight_count_pct_change3,False
multiscale_history,cumulative_flight_count_rate_per_day3,False
multiscale_history,cumulative_flight_count_diff5,False
multiscale_history,cumulative_flight_count_pct_change5,False
multiscale_history,cumulative_flight_count_rate_per_day5,False
multiscale_history,cumulative_flight_count_rollmean_2,False
multiscale_history,cumulative_flight_count_rollstd_2,False
multiscale_history,cumulative_flight_count_rollmin_2,False
multiscale_history,cumulative_flight_count_rollmax_2,False
multiscale_history,cumulative_flight_count_rollslope_2,False
multiscale_history,cumulative_flight_count_rollmean_3,False
multiscale_history,cumulative_flight_count_rollstd_3,False
multiscale_history,cumulative_flight_count_rollmin_3,False
multiscale_history,cumulative_flight_count_rollmax_3,False
multiscale_history,cumulative_flight_count_rollslope_3,False
multiscale_history,cumulative_flight_count_rollmean_5,False
multiscale_history,cumulative_flight_count_rollstd_5,False
multiscale_history,cumulative_flight_count_rollmin_5,False
multiscale_history,cumulative_flight_count_rollmax_5,False
multiscale_history,cumulative_flight_count_rollslope_5,False
multiscale_history,cumulative_flight_count_rollmean_8,False
multiscale_history,cumulative_flight_count_rollstd_8,False
multiscale_history,cumulative_flight_count_rollmin_8,False
multiscale_history,cumulative_flight_count_rollmax_8,False
multiscale_history,cumulative_flight_count_rollslope_8,False
multiscale_history,cumulative_flight_count_rollmean_13,False
multiscale_history,cumulative_flight_count_rollstd_13,False
multiscale_history,cumulative_flight_count_rollmin_13,False
multiscale_history,cumulative_flight_count_rollmax_13,False
multiscale_history,cumulative_flight_count_rollslope_13,False
multiscale_history,cumulative_flight_count_rollmean_21,False
multiscale_history,cumulative_flight_count_rollstd_21,False
multiscale_history,cumulative_flight_count_rollmin_21,False
multiscale_history,cumulative_flight_count_rollmax_21,False
multiscale_history,cumulative_flight_count_rollslope_21,False
multiscale_history,cumulative_flight_count_ewmmean_3,False
multiscale_history,cumulative_flight_count_ewmstd_3,False
multiscale_history,cumulative_flight_count_ewmmean_5,False
multiscale_history,cumulative_flight_count_ewmstd_5,False
multiscale_history,cumulative_flight_count_ewmmean_8,False
multiscale_history,cumulative_flight_count_ewmstd_8,False
multiscale_history,cumulative_flight_count_ewmmean_13,False
multiscale_history,cumulative_flight_count_ewmstd_13,False
multiscale_history,instant_stress_index_lag1,False
multiscale_history,instant_stress_index_lag2,False
multiscale_history,instant_stress_index_lag3,False
multiscale_history,instant_stress_index_lag5,False
multiscale_history,instant_stress_index_lag8,False
multiscale_history,instant_stress_index_lag13,False
multiscale_history,instant_stress_index_diff1,False
multiscale_history,instant_stress_index_pct_change1,False
multiscale_history,instant_stress_index_rate_per_day1,False
multiscale_history,instant_stress_index_diff3,False
multiscale_history,instant_stress_index_pct_change3,False
multiscale_history,instant_stress_index_rate_per_day3,False
multiscale_history,instant_stress_index_diff5,False
multiscale_history,instant_stress_index_pct_change5,False
multiscale_history,instant_stress_index_rate_per_day5,False
multiscale_history,instant_stress_index_rollmean_2,False
multiscale_history,instant_stress_index_rollstd_2,False
multiscale_history,instant_stress_index_rollmin_2,False
multiscale_history,instant_stress_index_rollmax_2,False
multiscale_history,instant_stress_index_rollslope_2,False
multiscale_history,instant_stress_index_rollmean_3,False
multiscale_history,instant_stress_index_rollstd_3,False
multiscale_history,instant_stress_index_rollmin_3,False
multiscale_history,instant_stress_index_rollmax_3,False
multiscale_history,instant_stress_index_rollslope_3,False
multiscale_history,instant_stress_index_rollmean_5,False
multiscale_history,instant_stress_index_rollstd_5,False
multiscale_history,instant_stress_index_rollmin_5,False
multiscale_history,instant_stress_index_rollmax_5,False
multiscale_history,instant_stress_index_rollslope_5,False
multiscale_history,instant_stress_index_rollmean_8,False
multiscale_history,instant_stress_index_rollstd_8,False
multiscale_history,instant_stress_index_rollmin_8,False
multiscale_history,instant_stress_index_rollmax_8,False
multiscale_history,instant_stress_index_rollslope_8,False
multiscale_history,instant_stress_index_rollmean_13,False
multiscale_history,instant_stress_index_rollstd_13,False
multiscale_history,instant_stress_index_rollmin_13,False
multiscale_history,instant_stress_index_rollmax_13,False
multiscale_history,instant_stress_index_rollslope_13,False
multiscale_history,instant_stress_index_rollmean_21,False
multiscale_history,instant_stress_index_rollstd_21,False
multiscale_history,instant_stress_index_rollmin_21,False
multiscale_history,instant_stress_index_rollmax_21,False
multiscale_history,instant_stress_index_rollslope_21,False
multiscale_history,instant_stress_index_ewmmean_3,False
multiscale_history,instant_stress_index_ewmstd_3,False
multiscale_history,instant_stress_index_ewmmean_5,False
multiscale_history,instant_stress_index_ewmstd_5,False
multiscale_history,instant_stress_index_ewmmean_8,False
multiscale_history,instant_stress_index_ewmstd_8,False
multiscale_history,instant_stress_index_ewmmean_13,False
multiscale_history,instant_stress_index_ewmstd_13,False
multiscale_history,current_temp_stress_index_lag1,False
multiscale_history,current_temp_stress_index_lag2,False
multiscale_history,current_temp_stress_index_lag3,False
multiscale_history,current_temp_stress_index_lag5,False
multiscale_history,current_temp_stress_index_lag8,False
multiscale_history,current_temp_stress_index_lag13,False
multiscale_history,current_temp_stress_index_diff1,False
multiscale_history,current_temp_stress_index_pct_change1,False
multiscale_history,current_temp_stress_index_rate_per_day1,False
multiscale_history,current_temp_stress_index_diff3,False
multiscale_history,current_temp_stress_index_pct_change3,False
multiscale_history,current_temp_stress_index_rate_per_day3,False
multiscale_history,current_temp_stress_index_diff5,False
multiscale_history,current_temp_stress_index_pct_change5,False
multiscale_history,current_temp_stress_index_rate_per_day5,False
multiscale_history,current_temp_stress_index_rollmean_2,False
multiscale_history,current_temp_stress_index_rollstd_2,False
multiscale_history,current_temp_stress_index_rollmin_2,False
multiscale_history,current_temp_stress_index_rollmax_2,False
multiscale_history,current_temp_stress_index_rollslope_2,False
multiscale_history,current_temp_stress_index_rollmean_3,False
multiscale_history,current_temp_stress_index_rollstd_3,False
multiscale_history,current_temp_stress_index_rollmin_3,False
multiscale_history,current_temp_stress_index_rollmax_3,False
multiscale_history,current_temp_stress_index_rollslope_3,False
multiscale_history,current_temp_stress_index_rollmean_5,False
multiscale_history,current_temp_stress_index_rollstd_5,False
multiscale_history,current_temp_stress_index_rollmin_5,False
multiscale_history,current_temp_stress_index_rollmax_5,False
multiscale_history,current_temp_stress_index_rollslope_5,False
multiscale_history,current_temp_stress_index_rollmean_8,False
multiscale_history,current_temp_stress_index_rollstd_8,False
multiscale_history,current_temp_stress_index_rollmin_8,False
multiscale_history,current_temp_stress_index_rollmax_8,True
multiscale_history,current_temp_stress_index_rollslope_8,False
multiscale_history,current_temp_stress_index_rollmean_13,False
multiscale_history,current_temp_stress_index_rollstd_13,True
multiscale_history,current_temp_stress_index_rollmin_13,False
multiscale_history,current_temp_stress_index_rollmax_13,True
multiscale_history,current_temp_stress_index_rollslope_13,False
multiscale_history,current_temp_stress_index_rollmean_21,True
multiscale_history,current_temp_stress_index_rollstd_21,False
multiscale_history,current_temp_stress_index_rollmin_21,False
multiscale_history,current_temp_stress_index_rollmax_21,True
multiscale_history,current_temp_stress_index_rollslope_21,False
multiscale_history,current_temp_stress_index_ewmmean_3,False
multiscale_history,current_temp_stress_index_ewmstd_3,False
multiscale_history,current_temp_stress_index_ewmmean_5,False
multiscale_history,current_temp_stress_index_ewmstd_5,False
multiscale_history,current_temp_stress_index_ewmmean_8,False
multiscale_history,current_temp_stress_index_ewmstd_8,False
multiscale_history,current_temp_stress_index_ewmmean_13,False
multiscale_history,current_temp_stress_index_ewmstd_13,True
multiscale_history,soc_stress_index_lag1,False
multiscale_history,soc_stress_index_lag2,False
multiscale_history,soc_stress_index_lag3,False
multiscale_history,soc_stress_index_lag5,False
multiscale_history,soc_stress_index_lag8,False
multiscale_history,soc_stress_index_lag13,False
multiscale_history,soc_stress_index_diff1,False
multiscale_history,soc_stress_index_pct_change1,False
multiscale_history,soc_stress_index_rate_per_day1,False
multiscale_history,soc_stress_index_diff3,False
multiscale_history,soc_stress_index_pct_change3,False
multiscale_history,soc_stress_index_rate_per_day3,False
multiscale_history,soc_stress_index_diff5,False
multiscale_history,soc_stress_index_pct_change5,False
multiscale_history,soc_stress_index_rate_per_day5,False
multiscale_history,soc_stress_index_rollmean_2,False
multiscale_history,soc_stress_index_rollstd_2,False
multiscale_history,soc_stress_index_rollmin_2,False
multiscale_history,soc_stress_index_rollmax_2,False
multiscale_history,soc_stress_index_rollslope_2,False
multiscale_history,soc_stress_index_rollmean_3,False
multiscale_history,soc_stress_index_rollstd_3,False
multiscale_history,soc_stress_index_rollmin_3,False
multiscale_history,soc_stress_index_rollmax_3,False
multiscale_history,soc_stress_index_rollslope_3,False
multiscale_history,soc_stress_index_rollmean_5,False
multiscale_history,soc_stress_index_rollstd_5,False
multiscale_history,soc_stress_index_rollmin_5,False
multiscale_history,soc_stress_index_rollmax_5,False
multiscale_history,soc_stress_index_rollslope_5,False
multiscale_history,soc_stress_index_rollmean_8,False
multiscale_history,soc_stress_index_rollstd_8,False
multiscale_history,soc_stress_index_rollmin_8,False
multiscale_history,soc_stress_index_rollmax_8,False
multiscale_history,soc_stress_index_rollslope_8,False
multiscale_history,soc_stress_index_rollmean_13,False
multiscale_history,soc_stress_index_rollstd_13,False
multiscale_history,soc_stress_index_rollmin_13,False
multiscale_history,soc_stress_index_rollmax_13,False
multiscale_history,soc_stress_index_rollslope_13,False
multiscale_history,soc_stress_index_rollmean_21,False
multiscale_history,soc_stress_index_rollstd_21,False
multiscale_history,soc_stress_index_rollmin_21,False
multiscale_history,soc_stress_index_rollmax_21,False
multiscale_history,soc_stress_index_rollslope_21,False
multiscale_history,soc_stress_index_ewmmean_3,False
multiscale_history,soc_stress_index_ewmstd_3,False
multiscale_history,soc_stress_index_ewmmean_5,False
multiscale_history,soc_stress_index_ewmstd_5,False
multiscale_history,soc_stress_index_ewmmean_8,False
multiscale_history,soc_stress_index_ewmstd_8,False
multiscale_history,soc_stress_index_ewmmean_13,False
multiscale_history,soc_stress_index_ewmstd_13,False
multiscale_history,duration_stress_index_lag1,False
multiscale_history,duration_stress_index_lag2,False
multiscale_history,duration_stress_index_lag3,False
multiscale_history,duration_stress_index_lag5,False
multiscale_history,duration_stress_index_lag8,False
multiscale_history,duration_stress_index_lag13,False
multiscale_history,duration_stress_index_diff1,True
multiscale_history,duration_stress_index_pct_change1,False
multiscale_history,duration_stress_index_rate_per_day1,False
multiscale_history,duration_stress_index_diff3,False
multiscale_history,duration_stress_index_pct_change3,False
multiscale_history,duration_stress_index_rate_per_day3,False
multiscale_history,duration_stress_index_diff5,False
multiscale_history,duration_stress_index_pct_change5,False
multiscale_history,duration_stress_index_rate_per_day5,False
multiscale_history,duration_stress_index_rollmean_2,False
multiscale_history,duration_stress_index_rollstd_2,False
multiscale_history,duration_stress_index_rollmin_2,False
multiscale_history,duration_stress_index_rollmax_2,False
multiscale_history,duration_stress_index_rollslope_2,False
multiscale_history,duration_stress_index_rollmean_3,False
multiscale_history,duration_stress_index_rollstd_3,False
multiscale_history,duration_stress_index_rollmin_3,False
multiscale_history,duration_stress_index_rollmax_3,False
multiscale_history,duration_stress_index_rollslope_3,False
multiscale_history,duration_stress_index_rollmean_5,False
multiscale_history,duration_stress_index_rollstd_5,False
multiscale_history,duration_stress_index_rollmin_5,False
multiscale_history,duration_stress_index_rollmax_5,False
multiscale_history,duration_stress_index_rollslope_5,False
multiscale_history,duration_stress_index_rollmean_8,False
multiscale_history,duration_stress_index_rollstd_8,False
multiscale_history,duration_stress_index_rollmin_8,False
multiscale_history,duration_stress_index_rollmax_8,False
multiscale_history,duration_stress_index_rollslope_8,False
multiscale_history,duration_stress_index_rollmean_13,False
multiscale_history,duration_stress_index_rollstd_13,False
multiscale_history,duration_stress_index_rollmin_13,False
multiscale_history,duration_stress_index_rollmax_13,False
multiscale_history,duration_stress_index_rollslope_13,False
multiscale_history,duration_stress_index_rollmean_21,True
multiscale_history,duration_stress_index_rollstd_21,False
multiscale_history,duration_stress_index_rollmin_21,False
multiscale_history,duration_stress_index_rollmax_21,True
multiscale_history,duration_stress_index_rollslope_21,False
multiscale_history,duration_stress_index_ewmmean_3,False
multiscale_history,duration_stress_index_ewmstd_3,False
multiscale_history,duration_stress_index_ewmmean_5,False
multiscale_history,duration_stress_index_ewmstd_5,False
multiscale_history,duration_stress_index_ewmmean_8,False
multiscale_history,duration_stress_index_ewmstd_8,False
multiscale_history,duration_stress_index_ewmmean_13,True
multiscale_history,duration_stress_index_ewmstd_13,True
multiscale_history,arrhenius_temp_proxy_lag1,False
multiscale_history,arrhenius_temp_proxy_lag2,False
multiscale_history,arrhenius_temp_proxy_lag3,False
multiscale_history,arrhenius_temp_proxy_lag5,False
multiscale_history,arrhenius_temp_proxy_lag8,False
multiscale_history,arrhenius_temp_proxy_lag13,False
multiscale_history,arrhenius_temp_proxy_diff1,False
multiscale_history,arrhenius_temp_proxy_pct_change1,False
multiscale_history,arrhenius_temp_proxy_rate_per_day1,False
multiscale_history,arrhenius_temp_proxy_diff3,False
multiscale_history,arrhenius_temp_proxy_pct_change3,False
multiscale_history,arrhenius_temp_proxy_rate_per_day3,False
multiscale_history,arrhenius_temp_proxy_diff5,False
multiscale_history,arrhenius_temp_proxy_pct_change5,False
multiscale_history,arrhenius_temp_proxy_rate_per_day5,False
multiscale_history,arrhenius_temp_proxy_rollmean_2,False
multiscale_history,arrhenius_temp_proxy_rollstd_2,False
multiscale_history,arrhenius_temp_proxy_rollmin_2,False
multiscale_history,arrhenius_temp_proxy_rollmax_2,False
multiscale_history,arrhenius_temp_proxy_rollslope_2,False
multiscale_history,arrhenius_temp_proxy_rollmean_3,False
multiscale_history,arrhenius_temp_proxy_rollstd_3,False
multiscale_history,arrhenius_temp_proxy_rollmin_3,False
multiscale_history,arrhenius_temp_proxy_rollmax_3,False
multiscale_history,arrhenius_temp_proxy_rollslope_3,False
multiscale_history,arrhenius_temp_proxy_rollmean_5,False
multiscale_history,arrhenius_temp_proxy_rollstd_5,False
multiscale_history,arrhenius_temp_proxy_rollmin_5,False
multiscale_history,arrhenius_temp_proxy_rollmax_5,False
multiscale_history,arrhenius_temp_proxy_rollslope_5,False
multiscale_history,arrhenius_temp_proxy_rollmean_8,False
multiscale_history,arrhenius_temp_proxy_rollstd_8,False
multiscale_history,arrhenius_temp_proxy_rollmin_8,False
multiscale_history,arrhenius_temp_proxy_rollmax_8,False
multiscale_history,arrhenius_temp_proxy_rollslope_8,False
multiscale_history,arrhenius_temp_proxy_rollmean_13,False
multiscale_history,arrhenius_temp_proxy_rollstd_13,False
multiscale_history,arrhenius_temp_proxy_rollmin_13,False
multiscale_history,arrhenius_temp_proxy_rollmax_13,False
multiscale_history,arrhenius_temp_proxy_rollslope_13,False
multiscale_history,arrhenius_temp_proxy_rollmean_21,False
multiscale_history,arrhenius_temp_proxy_rollstd_21,False
multiscale_history,arrhenius_temp_proxy_rollmin_21,False
multiscale_history,arrhenius_temp_proxy_rollmax_21,False
multiscale_history,arrhenius_temp_proxy_rollslope_21,False
multiscale_history,arrhenius_temp_proxy_ewmmean_3,False
multiscale_history,arrhenius_temp_proxy_ewmstd_3,False
multiscale_history,arrhenius_temp_proxy_ewmmean_5,False
multiscale_history,arrhenius_temp_proxy_ewmstd_5,False
multiscale_history,arrhenius_temp_proxy_ewmmean_8,False
multiscale_history,arrhenius_temp_proxy_ewmstd_8,False
multiscale_history,arrhenius_temp_proxy_ewmmean_13,False
multiscale_history,arrhenius_temp_proxy_ewmstd_13,False
multiscale_history,thermal_severity_proxy_lag1,False
multiscale_history,thermal_severity_proxy_lag2,False
multiscale_history,thermal_severity_proxy_lag3,False
multiscale_history,thermal_severity_proxy_lag5,False
multiscale_history,thermal_severity_proxy_lag8,False
multiscale_history,thermal_severity_proxy_lag13,False
multiscale_history,thermal_severity_proxy_diff1,False
multiscale_history,thermal_severity_proxy_pct_change1,False
multiscale_history,thermal_severity_proxy_rate_per_day1,False
multiscale_history,thermal_severity_proxy_diff3,False
multiscale_history,thermal_severity_proxy_pct_change3,False
multiscale_history,thermal_severity_proxy_rate_per_day3,False
multiscale_history,thermal_severity_proxy_diff5,False
multiscale_history,thermal_severity_proxy_pct_change5,False
multiscale_history,thermal_severity_proxy_rate_per_day5,False
multiscale_history,thermal_severity_proxy_rollmean_2,False
multiscale_history,thermal_severity_proxy_rollstd_2,False
multiscale_history,thermal_severity_proxy_rollmin_2,False
multiscale_history,thermal_severity_proxy_rollmax_2,False
multiscale_history,thermal_severity_proxy_rollslope_2,False
multiscale_history,thermal_severity_proxy_rollmean_3,False
multiscale_history,thermal_severity_proxy_rollstd_3,False
multiscale_history,thermal_severity_proxy_rollmin_3,False
multiscale_history,thermal_severity_proxy_rollmax_3,False
multiscale_history,thermal_severity_proxy_rollslope_3,False
multiscale_history,thermal_severity_proxy_rollmean_5,False
multiscale_history,thermal_severity_proxy_rollstd_5,False
multiscale_history,thermal_severity_proxy_rollmin_5,False
multiscale_history,thermal_severity_proxy_rollmax_5,False
multiscale_history,thermal_severity_proxy_rollslope_5,False
multiscale_history,thermal_severity_proxy_rollmean_8,False
multiscale_history,thermal_severity_proxy_rollstd_8,False
multiscale_history,thermal_severity_proxy_rollmin_8,False
multiscale_history,thermal_severity_proxy_rollmax_8,False
multiscale_history,thermal_severity_proxy_rollslope_8,False
multiscale_history,thermal_severity_proxy_rollmean_13,False
multiscale_history,thermal_severity_proxy_rollstd_13,False
multiscale_history,thermal_severity_proxy_rollmin_13,False
multiscale_history,thermal_severity_proxy_rollmax_13,False
multiscale_history,thermal_severity_proxy_rollslope_13,False
multiscale_history,thermal_severity_proxy_rollmean_21,False
multiscale_history,thermal_severity_proxy_rollstd_21,False
multiscale_history,thermal_severity_proxy_rollmin_21,False
multiscale_history,thermal_severity_proxy_rollmax_21,False
multiscale_history,thermal_severity_proxy_rollslope_21,False
multiscale_history,thermal_severity_proxy_ewmmean_3,False
multiscale_history,thermal_severity_proxy_ewmstd_3,False
multiscale_history,thermal_severity_proxy_ewmmean_5,False
multiscale_history,thermal_severity_proxy_ewmstd_5,False
multiscale_history,thermal_severity_proxy_ewmmean_8,False
multiscale_history,thermal_severity_proxy_ewmstd_8,False
multiscale_history,thermal_severity_proxy_ewmmean_13,False
multiscale_history,thermal_severity_proxy_ewmstd_13,False
multiscale_history,throughput_stress_proxy_lag1,False
multiscale_history,throughput_stress_proxy_lag2,False
multiscale_history,throughput_stress_proxy_lag3,False
multiscale_history,throughput_stress_proxy_lag5,False
multiscale_history,throughput_stress_proxy_lag8,False
multiscale_history,throughput_stress_proxy_lag13,False
multiscale_history,throughput_stress_proxy_diff1,False
multiscale_history,throughput_stress_proxy_pct_change1,False
multiscale_history,throughput_stress_proxy_rate_per_day1,False
multiscale_history,throughput_stress_proxy_diff3,False
multiscale_history,throughput_stress_proxy_pct_change3,False
multiscale_history,throughput_stress_proxy_rate_per_day3,False
multiscale_history,throughput_stress_proxy_diff5,False
multiscale_history,throughput_stress_proxy_pct_change5,False
multiscale_history,throughput_stress_proxy_rate_per_day5,False
multiscale_history,throughput_stress_proxy_rollmean_2,False
multiscale_history,throughput_stress_proxy_rollstd_2,False
multiscale_history,throughput_stress_proxy_rollmin_2,False
multiscale_history,throughput_stress_proxy_rollmax_2,False
multiscale_history,throughput_stress_proxy_rollslope_2,False
multiscale_history,throughput_stress_proxy_rollmean_3,False
multiscale_history,throughput_stress_proxy_rollstd_3,False
multiscale_history,throughput_stress_proxy_rollmin_3,False
multiscale_history,throughput_stress_proxy_rollmax_3,False
multiscale_history,throughput_stress_proxy_rollslope_3,False
multiscale_history,throughput_stress_proxy_rollmean_5,False
multiscale_history,throughput_stress_proxy_rollstd_5,False
multiscale_history,throughput_stress_proxy_rollmin_5,False
multiscale_history,throughput_stress_proxy_rollmax_5,False
multiscale_history,throughput_stress_proxy_rollslope_5,False
multiscale_history,throughput_stress_proxy_rollmean_8,False
multiscale_history,throughput_stress_proxy_rollstd_8,False
multiscale_history,throughput_stress_proxy_rollmin_8,False
multiscale_history,throughput_stress_proxy_rollmax_8,False
multiscale_history,throughput_stress_proxy_rollslope_8,False
multiscale_history,throughput_stress_proxy_rollmean_13,False
multiscale_history,throughput_stress_proxy_rollstd_13,False
multiscale_history,throughput_stress_proxy_rollmin_13,False
multiscale_history,throughput_stress_proxy_rollmax_13,False
multiscale_history,throughput_stress_proxy_rollslope_13,False
multiscale_history,throughput_stress_proxy_rollmean_21,False
multiscale_history,throughput_stress_proxy_rollstd_21,False
multiscale_history,throughput_stress_proxy_rollmin_21,False
multiscale_history,throughput_stress_proxy_rollmax_21,False
multiscale_history,throughput_stress_proxy_rollslope_21,False
multiscale_history,throughput_stress_proxy_ewmmean_3,False
multiscale_history,throughput_stress_proxy_ewmstd_3,False
multiscale_history,throughput_stress_proxy_ewmmean_5,False
multiscale_history,throughput_stress_proxy_ewmstd_5,False
multiscale_history,throughput_stress_proxy_ewmmean_8,False
multiscale_history,throughput_stress_proxy_ewmstd_8,False
multiscale_history,throughput_stress_proxy_ewmmean_13,False
multiscale_history,throughput_stress_proxy_ewmstd_13,False
multiscale_history,internal_resistance_proxy_ohm_lag1,False
multiscale_history,internal_resistance_proxy_ohm_lag2,False
multiscale_history,internal_resistance_proxy_ohm_lag3,False
multiscale_history,internal_resistance_proxy_ohm_lag5,False
multiscale_history,internal_resistance_proxy_ohm_lag8,False
multiscale_history,internal_resistance_proxy_ohm_lag13,False
multiscale_history,internal_resistance_proxy_ohm_diff1,False
multiscale_history,internal_resistance_proxy_ohm_pct_change1,False
multiscale_history,internal_resistance_proxy_ohm_rate_per_day1,False
multiscale_history,internal_resistance_proxy_ohm_diff3,False
multiscale_history,internal_resistance_proxy_ohm_pct_change3,False
multiscale_history,internal_resistance_proxy_ohm_rate_per_day3,False
multiscale_history,internal_resistance_proxy_ohm_diff5,False
multiscale_history,internal_resistance_proxy_ohm_pct_change5,False
multiscale_history,internal_resistance_proxy_ohm_rate_per_day5,False
multiscale_history,internal_resistance_proxy_ohm_rollmean_2,False
multiscale_history,internal_resistance_proxy_ohm_rollstd_2,False
multiscale_history,internal_resistance_proxy_ohm_rollmin_2,False
multiscale_history,internal_resistance_proxy_ohm_rollmax_2,False
multiscale_history,internal_resistance_proxy_ohm_rollslope_2,False
multiscale_history,internal_resistance_proxy_ohm_rollmean_3,False
multiscale_history,internal_resistance_proxy_ohm_rollstd_3,False
multiscale_history,internal_resistance_proxy_ohm_rollmin_3,False
multiscale_history,internal_resistance_proxy_ohm_rollmax_3,False
multiscale_history,internal_resistance_proxy_ohm_rollslope_3,False
multiscale_history,internal_resistance_proxy_ohm_rollmean_5,False
multiscale_history,internal_resistance_proxy_ohm_rollstd_5,False
multiscale_history,internal_resistance_proxy_ohm_rollmin_5,False
multiscale_history,internal_resistance_proxy_ohm_rollmax_5,False
multiscale_history,internal_resistance_proxy_ohm_rollslope_5,False
multiscale_history,internal_resistance_proxy_ohm_rollmean_8,False
multiscale_history,internal_resistance_proxy_ohm_rollstd_8,False
multiscale_history,internal_resistance_proxy_ohm_rollmin_8,False
multiscale_history,internal_resistance_proxy_ohm_rollmax_8,False
multiscale_history,internal_resistance_proxy_ohm_rollslope_8,False
multiscale_history,internal_resistance_proxy_ohm_rollmean_13,False
multiscale_history,internal_resistance_proxy_ohm_rollstd_13,False
multiscale_history,internal_resistance_proxy_ohm_rollmin_13,False
multiscale_history,internal_resistance_proxy_ohm_rollmax_13,False
multiscale_history,internal_resistance_proxy_ohm_rollslope_13,False
multiscale_history,internal_resistance_proxy_ohm_rollmean_21,True
multiscale_history,internal_resistance_proxy_ohm_rollstd_21,False
multiscale_history,internal_resistance_proxy_ohm_rollmin_21,False
multiscale_history,internal_resistance_proxy_ohm_rollmax_21,True
multiscale_history,internal_resistance_proxy_ohm_rollslope_21,False
multiscale_history,internal_resistance_proxy_ohm_ewmmean_3,False
multiscale_history,internal_resistance_proxy_ohm_ewmstd_3,False
multiscale_history,internal_resistance_proxy_ohm_ewmmean_5,False
multiscale_history,internal_resistance_proxy_ohm_ewmstd_5,False
multiscale_history,internal_resistance_proxy_ohm_ewmmean_8,False
multiscale_history,internal_resistance_proxy_ohm_ewmstd_8,False
multiscale_history,internal_resistance_proxy_ohm_ewmmean_13,False
multiscale_history,internal_resistance_proxy_ohm_ewmstd_13,False
multiscale_history,storage_stress_proxy_lag1,False
multiscale_history,storage_stress_proxy_lag2,False
multiscale_history,storage_stress_proxy_lag3,False
multiscale_history,storage_stress_proxy_lag5,False
multiscale_history,storage_stress_proxy_lag8,False
multiscale_history,storage_stress_proxy_lag13,False
multiscale_history,storage_stress_proxy_diff1,False
multiscale_history,storage_stress_proxy_pct_change1,False
multiscale_history,storage_stress_proxy_rate_per_day1,False
multiscale_history,storage_stress_proxy_diff3,False
multiscale_history,storage_stress_proxy_pct_change3,False
multiscale_history,storage_stress_proxy_rate_per_day3,False
multiscale_history,storage_stress_proxy_diff5,False
multiscale_history,storage_stress_proxy_pct_change5,False
multiscale_history,storage_stress_proxy_rate_per_day5,False
multiscale_history,storage_stress_proxy_rollmean_2,False
multiscale_history,storage_stress_proxy_rollstd_2,False
multiscale_history,storage_stress_proxy_rollmin_2,False
multiscale_history,storage_stress_proxy_rollmax_2,False
multiscale_history,storage_stress_proxy_rollslope_2,False
multiscale_history,storage_stress_proxy_rollmean_3,False
multiscale_history,storage_stress_proxy_rollstd_3,False
multiscale_history,storage_stress_proxy_rollmin_3,False
multiscale_history,storage_stress_proxy_rollmax_3,False
multiscale_history,storage_stress_proxy_rollslope_3,False
multiscale_history,storage_stress_proxy_rollmean_5,False
multiscale_history,storage_stress_proxy_rollstd_5,False
multiscale_history,storage_stress_proxy_rollmin_5,False
multiscale_history,storage_stress_proxy_rollmax_5,False
multiscale_history,storage_stress_proxy_rollslope_5,False
multiscale_history,storage_stress_proxy_rollmean_8,False
multiscale_history,storage_stress_proxy_rollstd_8,False
multiscale_history,storage_stress_proxy_rollmin_8,False
multiscale_history,storage_stress_proxy_rollmax_8,False
multiscale_history,storage_stress_proxy_rollslope_8,False
multiscale_history,storage_stress_proxy_rollmean_13,False
multiscale_history,storage_stress_proxy_rollstd_13,False
multiscale_history,storage_stress_proxy_rollmin_13,False
multiscale_history,storage_stress_proxy_rollmax_13,False
multiscale_history,storage_stress_proxy_rollslope_13,False
multiscale_history,storage_stress_proxy_rollmean_21,False
multiscale_history,storage_stress_proxy_rollstd_21,False
multiscale_history,storage_stress_proxy_rollmin_21,False
multiscale_history,storage_stress_proxy_rollmax_21,False
multiscale_history,storage_stress_proxy_rollslope_21,False
multiscale_history,storage_stress_proxy_ewmmean_3,False
multiscale_history,storage_stress_proxy_ewmstd_3,False
multiscale_history,storage_stress_proxy_ewmmean_5,False
multiscale_history,storage_stress_proxy_ewmstd_5,False
multiscale_history,storage_stress_proxy_ewmmean_8,False
multiscale_history,storage_stress_proxy_ewmstd_8,False
multiscale_history,storage_stress_proxy_ewmmean_13,False
multiscale_history,storage_stress_proxy_ewmstd_13,False
multiscale_history,degradation_stress_proxy_lag1,False
multiscale_history,degradation_stress_proxy_lag2,False
multiscale_history,degradation_stress_proxy_lag3,False
multiscale_history,degradation_stress_proxy_lag5,False
multiscale_history,degradation_stress_proxy_lag8,False
multiscale_history,degradation_stress_proxy_lag13,False
multiscale_history,degradation_stress_proxy_diff1,False
multiscale_history,degradation_stress_proxy_pct_change1,False
multiscale_history,degradation_stress_proxy_rate_per_day1,False
multiscale_history,degradation_stress_proxy_diff3,False
multiscale_history,degradation_stress_proxy_pct_change3,False
multiscale_history,degradation_stress_proxy_rate_per_day3,False
multiscale_history,degradation_stress_proxy_diff5,False
multiscale_history,degradation_stress_proxy_pct_change5,False
multiscale_history,degradation_stress_proxy_rate_per_day5,False
multiscale_history,degradation_stress_proxy_rollmean_2,False
multiscale_history,degradation_stress_proxy_rollstd_2,False
multiscale_history,degradation_stress_proxy_rollmin_2,False
multiscale_history,degradation_stress_proxy_rollmax_2,False
multiscale_history,degradation_stress_proxy_rollslope_2,False
multiscale_history,degradation_stress_proxy_rollmean_3,False
multiscale_history,degradation_stress_proxy_rollstd_3,False
multiscale_history,degradation_stress_proxy_rollmin_3,False
multiscale_history,degradation_stress_proxy_rollmax_3,False
multiscale_history,degradation_stress_proxy_rollslope_3,False
multiscale_history,degradation_stress_proxy_rollmean_5,False
multiscale_history,degradation_stress_proxy_rollstd_5,False
multiscale_history,degradation_stress_proxy_rollmin_5,False
multiscale_history,degradation_stress_proxy_rollmax_5,False
multiscale_history,degradation_stress_proxy_rollslope_5,False
multiscale_history,degradation_stress_proxy_rollmean_8,False
multiscale_history,degradation_stress_proxy_rollstd_8,False
multiscale_history,degradation_stress_proxy_rollmin_8,False
multiscale_history,degradation_stress_proxy_rollmax_8,False
multiscale_history,degradation_stress_proxy_rollslope_8,False
multiscale_history,degradation_stress_proxy_rollmean_13,False
multiscale_history,degradation_stress_proxy_rollstd_13,False
multiscale_history,degradation_stress_proxy_rollmin_13,False
multiscale_history,degradation_stress_proxy_rollmax_13,False
multiscale_history,degradation_stress_proxy_rollslope_13,False
multiscale_history,degradation_stress_proxy_rollmean_21,False
multiscale_history,degradation_stress_proxy_rollstd_21,True
multiscale_history,degradation_stress_proxy_rollmin_21,False
multiscale_history,degradation_stress_proxy_rollmax_21,False
multiscale_history,degradation_stress_proxy_rollslope_21,False
multiscale_history,degradation_stress_proxy_ewmmean_3,False
multiscale_history,degradation_stress_proxy_ewmstd_3,False
multiscale_history,degradation_stress_proxy_ewmmean_5,False
multiscale_history,degradation_stress_proxy_ewmstd_5,False
multiscale_history,degradation_stress_proxy_ewmmean_8,False
multiscale_history,degradation_stress_proxy_ewmstd_8,False
multiscale_history,degradation_stress_proxy_ewmmean_13,False
multiscale_history,degradation_stress_proxy_ewmstd_13,False
static_dummies,plane_id__166,False
static_dummies,plane_id__192,False
static_dummies,battery_id_str__1,False
static_dummies,battery_id_str__2,False
static_dummies,event_type__charge,True
static_dummies,event_type__flight,True
static_dummies,event_type__other,True
